-0.039,-0.084,-1.477,-1.243,-0.707,-1.768,-2.427,-2.273,0.232,-2.69,-1.016,-1.074,-0.074,-0.003,0.03,-0.665,2.265,-1.828,0.04,-0.465,-0.176,-0.176,-0.55,-1.426,-0.156,-0.989,-1.822,-1.6,0.011,-1.793,-1.818,-0.613,-0.063,0.044,0.232,-0.412,-0.968,-1.022,-0.138,-0.189
-0.196,0.445,-1.013,-1.628,1.067,1.181,-2.094,0.92,-1.136,-0.345,1.14,-0.509,0.911,-1.729,-2.173,-1.38,-1.209,1.433,-0.595,0.133,-0.179,-0.212,-0.038,-0.087,-0.558,0.178,1.336,0.336,0.564,-0.403,0.547,0.653,1.914,1.078,1.933,1.05,0.632,0.12,-0.082,-0.744
-0.649,-0.384,-0.164,-0.438,-0.612,0.348,-0.566,-0.383,-0.5,-0.367,-0.221,0.19,0.003,-0.354,-0.198,0.034,-0.353,-0.55,-0.258,-0.35,0.893,0.147,0.093,1.115,-1.521,-0.408,-0.257,-0.813,-1.103,-0.336,-0.171,-1.355,-0.158,-0.292,-0.633,-0.304,-0.128,-0.41,-0.127,-0.85
-0.2,-0.217,0.489,0.818,1.839,-1.067,-0.884,-0.643,-0.171,-0.333,-0.493,-0.198,0.239,1.267,0.446,0.293,-0.067,-1.826,-0.557,0.366,-0.076,0.75,0.776,0.392,1.839,0.906,-0.029,2.31,2.129,1.071,0.417,2.178,0.124,-0.643,0.991,0.468,0.071,2.391,1.464,1.453
0.05,-0.368,-0.056,-0.337,0.133,0.078,-0.058,-0.421,-0.372,-0.837,-0.413,0.075,-0.609,0.052,-1.334,0.423,-0.093,-0.46,-0.16,-0.027,-0.124,-0.417,-1.588,-0.538,-1.734,-0.333,-0.442,-1.576,0.463,-2.333,-1.16,-2.169,-1.423,0.667,0.741,0.026,0.016,-0.983,-0.467,-0.633
-0.154,-0.148,-1.041,1.092,-0.346,0.002,-1.151,1.174,0.337,0.514,-0.144,-0.233,0.914,0.283,0.397,0.355,-0.249,0.205,-0.102,0.014,-0.134,-0.098,-1.771,-1.124,0.194,0.113,1.352,-0.779,-0.636,-1.18,-1.066,-0.923,0.696,0.101,-1.272,-0.243,-0.292,-0.601,-0.133,0.496
0.107,0.073,0.588,0.556,0.357,-1.053,0.39,-0.176,0.781,-0.007,1.767,0.362,-0.436,0.452,0.563,0.077,-0.008,-0.427,0.197,0.152,-0.102,-0.391,-1.441,-1.622,-3.19,-0.661,-0.126,0.084,-0.64,-0.486,0.314,-0.442,-0.132,-1.317,0.479,-0.31,0.016,0.645,-0.515,-1.051
1.151,-1.588,-0.418,-0.278,0.053,0.377,-0.823,-0.83,-0.715,-0.221,0.085,-0.688,0.048,-0.668,-0.777,-0.039,0.165,-0.207,-0.709,-0.481,0.686,1.993,0.082,0.327,-0.567,-0.216,0.758,-0.292,0.22,-0.583,-0.259,0.02,-0.108,0.941,0.413,-0.856,-0.918,-0.292,-0.808,-0.34
-0.395,0.056,-0.296,0.151,-0.542,-1.321,-0.113,-0.312,-0.264,-0.593,-0.513,-0.532,-0.678,-1.056,-0.515,-0.882,-0.118,-0.154,-0.096,-0.088,0.97,-0.058,-1.073,-1.681,-0.721,0.898,0.051,-0.831,-0.658,-1.706,-0.387,0.227,1.747,-1.6,-0.476,0.616,0.086,-0.617,0.166,1.091
-0.457,-0.388,0.635,0.381,0.402,-0.248,1.581,1.569,1.009,0.822,0.341,0.375,-0.455,0.997,0.963,-0.061,-0.212,0.581,0.113,-0.061,0.618,0.125,-1.337,-0.348,-0.25,-0.127,0.207,0.076,-0.178,-0.24,0.07,-0.136,-0.745,-0.467,-0.026,-0.085,-0.025,0.787,-0.025,0.047
-0.631,-0.487,-0.624,0.667,-1.881,0.03,0.417,-0.045,-0.56,-0.714,0.032,-1.676,1.227,-0.006,-0.413,0.089,-0.255,-0.246,-1.671,-0.347,0.265,0.347,-0.844,-0.423,0.703,-0.54,-0.595,-0.662,-0.554,0.297,0.225,0.438,0.081,-0.143,-1.259,0.287,-0.108,-1.059,-0.36,0.655
0.032,-0.156,0.358,0.469,0.224,-0.354,-0.2,-0.544,-0.311,-0.553,-0.866,0.001,-0.087,0.069,-0.207,0.049,-0.19,-0.665,-0.156,0.106,-0.171,-0.239,-0.314,0.257,-0.335,-0.457,-0.345,0.061,-0.494,-0.49,-0.896,-0.129,-0.307,0.255,0.101,-0.157,-0.129,0.082,-0.213,-0.284
-0.187,0.407,-0.778,-2.114,-0.777,-1.262,-0.792,-0.701,-0.548,-0.501,0.229,-0.831,0.001,-0.485,-0.398,-0.612,-0.012,-0.251,0.073,-0.742,-0.105,-1.773,-0.354,-0.442,-1.64,-4.306,0.499,-2.552,0.341,-1.81,-0.467,-0.627,-1.471,0.146,0.223,-0.165,-0.02,-1.315,-0.789,-0.73
-0.733,-0.183,-0.134,0.75,-0.767,0.731,-0.309,-0.398,0.123,-0.052,0.106,-2.204,-0.067,0.027,-0.317,0.283,-0.071,-0.863,-2.171,-0.998,-0.143,-0.071,-0.886,-3.719,-2.05,-0.358,-0.181,-0.612,-2.376,-0.085,-0.076,1.549,-0.571,-1.675,-1.107,-0.679,-0.085,0.544,-1.616,-1.559
-0.509,0.688,-1.345,-0.291,-1.529,-0.753,0.824,-0.41,1.152,-1.362,-0.794,-0.55,0.037,0.485,2.337,-1.091,-0.515,0.251,-1.041,-0.08,-0.558,0.713,0.471,0.646,2.029,-0.782,0.635,-0.984,1.466,-0.4,-0.342,-0.047,0.5,1.005,0.75,0.079,1.343,-1.33,3.537,1.125
-0.171,0.21,0.983,1.046,-0.532,-1.093,-0.098,0.524,0.415,-0.002,0.014,-0.027,0.612,0.318,1.8,-0.062,0.049,0.484,-0.075,-0.06,-0.132,0.01,-1.259,-0.546,-1.449,-1.236,-0.39,-2.169,-1.227,-2.323,-0.801,-1.228,-0.803,-0.141,-1.422,-0.874,-0.072,-0.733,-0.185,-0.397
-0.823,-8.027,-0.626,-0.833,-0.65,-0.871,-0.204,-1.626,-0.293,-3.252,-0.667,-0.204,-0.408,-0.333,-0.293,-0.531,-0.061,-0.68,-0.061,-0.007,2.767,-11.351,0.327,-1.2,0.555,1.51,-0.147,1.327,-0.673,3.053,0.8,-0.147,0.163,-1.8,-0.673,0.841,0.11,0.367,0.11,0.041
-0.593,-0.119,0.501,1.545,-0.244,-1.279,0.268,1.048,0.189,-0.009,0.187,-0.211,-0.535,0.501,-0.185,-0.314,-0.454,0.526,-0.005,-0.128,0.293,0.023,-1.074,-1.501,-0.768,-1.88,1.148,-1.902,0.12,-0.597,-0.573,0.195,0.008,-0.173,0.936,-0.112,-0.008,-1.504,-0.054,0.279
-0.166,-0.453,-2.015,-0.416,0.084,-0.37,-0.154,-1.314,0.586,-1.271,-1.242,-0.343,-0.297,0.7,1.358,0.211,0.98,-1.424,0.767,0.266,-0.346,-0.702,0.336,1.032,-0.814,-0.816,-0.248,-0.998,0.087,-0.418,-0.151,-0.384,2.545,0.447,-1.121,-0.107,0.126,-1.172,-0.755,-0.633
0.747,-1.475,1.039,2.281,0.291,0.294,0.665,-0.905,2.392,0.388,0.185,0.235,2.458,1.828,1.046,0.853,0.18,-0.475,-0.107,-1.436,-0.351,-1.883,-4.664,-3.919,-1.378,-0.174,-0.863,-1.913,0.5,-1.466,0.401,-2.089,3.867,-0.102,0.356,0.284,0.58,-0.87,-0.184,-0.964
-0.602,-0.015,-0.155,0.243,-0.814,-0.264,-0.332,-0.134,-0.235,0.236,-0.905,-0.203,0.174,0.187,-0.309,-0.43,-0.151,0.345,-0.401,-0.106,-1.244,-0.104,-0.742,-1.195,-0.547,-1.83,0.166,-1.412,-0.055,-1.979,-1.801,-1.051,-0.402,-0.02,-0.548,-1.312,0.05,-0.601,-0.147,-0.466
0.087,-0.27,-0.238,0.012,0.025,0.15,-0.51,0.195,-0.275,-0.095,0.173,0.296,-0.618,-0.035,-0.617,-0.016,0.119,0.222,-0.055,-0.119,-0.347,-0.298,-0.366,-1.475,-0.957,-0.322,-0.396,-1.35,-1.742,-1.135,-0.696,0.638,-0.173,-1.138,-1.397,-0.85,-0.334,-0.803,-0.401,-0.718
-0.322,-0.184,0.294,0.01,0.06,-0.195,0.038,0.144,-0.54,0.099,0.04,-0.03,-0.551,-0.052,-0.804,-0.335,-0.553,0.07,0.013,-0.075,0.263,0.04,-0.147,-0.018,-0.39,0.255,-0.361,-0.403,-0.203,-0.141,-0.082,-0.51,-0.368,-0.156,-1.157,0.653,0.307,-0.196,-0.245,-0.16
0.191,4.111,0.126,0.187,-0.009,0.366,0.496,-0.015,-0.725,-0.198,0.008,-0.425,-0.011,0.202,-0.026,0.098,0.515,0.171,0.065,1.076,-0.006,-0.794,-0.045,-0.224,-0.641,0.012,0.399,-0.122,-0.9,0.938,0.347,0.8,-0.653,-0.017,-0.136,0.171,-0.022,-0.262,-0.335,-0.731
0.025,0.193,1.487,0.334,0.111,3.346,0.353,1.243,0.599,1.763,-0.144,2.243,-2.176,0.256,0.55,0.316,-0.021,0.465,0.055,-0.003,-0.89,-0.235,-0.02,0.87,-0.004,-4.368,-0.118,-1.837,0.276,-2.614,-1.535,-0.873,-0.625,0.349,-0.15,-0.59,-0.076,-1.741,0.121,-0.188
-0.004,0.983,0.173,-0.213,4.189,0.281,-1.617,0.466,0.066,0.599,-0.142,0.416,0.474,-0.065,-0.676,-0.017,0.124,-0.596,1.066,1.966,0.084,1.107,-0.621,0.138,1.602,-0.112,-0.818,-0.27,0.776,0.087,0.196,-0.179,4.364,0.468,1.775,-0.321,-0.118,-0.13,0.444,0.861
0.637,0.176,0.007,0.648,0.261,0.053,0.203,0.787,-0.15,0.603,0.141,-0.154,0.083,0.119,-0.778,-0.102,-0.764,0.134,-0.068,0.047,-0.58,-0.587,-1.133,-1.94,-0.368,0.081,-2.061,-1.939,-0.341,-2.149,-0.706,-2.32,-0.169,-0.977,-0.541,-0.656,-0.653,-1.224,0.074,0.015
-0.85,-1.184,0.14,-0.243,-2.461,-0.359,1.127,-0.509,0.29,0.478,0.594,1.426,-0.678,0.444,0.84,-1.424,-1.088,-0.712,-1.618,-2.63,0.605,-0.033,-1.114,-1.93,0.133,-0.685,0.391,-2.672,0.158,-1.806,-1.789,-0.084,2.938,-1.023,-0.244,1.275,0.515,-1.926,-1.239,-0.496
-0.072,0.05,-1.106,0.05,-0.35,-0.806,0.528,-0.4,0.928,-1.089,-0.172,-0.25,-4.339,0.8,1.644,-1.2,-0.156,-0.106,-0.006,-0.006,-0.097,-1.125,-7.847,-5.0,-0.875,-0.514,-0.597,-2.0,-0.097,-5.056,-2.139,-1.625,0.069,-1.0,-0.056,-2.0,-0.222,-0.889,-0.222,-0.222
-0.183,-0.138,-1.556,-0.982,-0.067,-1.008,-0.43,-1.079,-1.397,-0.496,-0.651,-0.574,-0.735,-1.783,-1.429,-0.16,0.175,-1.5,0.062,-0.046,0.006,-0.38,-1.171,0.305,-0.842,-2.684,0.064,-3.838,1.606,-2.606,-1.504,-0.375,-0.849,0.622,1.923,-0.406,-0.449,-2.846,-0.072,-0.283
-0.495,-0.212,-1.529,0.056,1.422,-0.199,-0.289,-1.082,0.697,-1.012,-0.588,-1.416,2.785,0.392,0.125,-0.338,-0.19,-1.52,0.299,1.867,0.567,-0.019,-0.089,-0.917,3.624,0.185,0.169,0.478,-0.582,1.271,0.854,-0.825,1.995,0.317,0.124,0.612,0.303,-0.206,0.955,3.134
-0.442,0.156,-0.637,0.185,-0.05,-1.322,-0.006,-0.133,-0.671,-0.42,-0.218,-0.57,-1.48,-0.237,-0.353,-0.274,0.316,-0.055,-0.078,0.022,-0.439,0.138,-0.615,-0.104,0.372,-0.39,-0.053,0.627,0.37,-0.056,-0.093,0.052,4.027,0.013,0.298,0.005,-0.107,0.371,0.08,0.04
0.401,-1.096,0.035,-0.18,-0.435,0.053,0.464,-0.594,-0.175,-0.043,0.944,-2.624,4.016,-1.251,0.865,-0.291,0.205,-0.308,0.845,0.264,0.415,3.504,-1.283,-0.563,1.923,0.476,-0.666,-0.36,0.267,1.067,0.998,-2.017,2.411,-0.006,1.179,0.146,0.732,-0.586,1.492,0.602
-0.399,0.45,-0.446,0.728,0.139,-0.232,0.708,1.084,1.823,0.734,0.085,0.348,-0.011,1.989,1.329,0.083,0.227,0.47,0.047,-0.294,0.805,0.135,0.061,-0.175,0.165,-0.432,0.153,-0.438,-0.301,-0.737,-0.275,0.189,0.021,0.748,0.051,0.087,0.232,-0.131,-0.167,0.022
0.261,-1.42,-1.16,-1.426,-0.133,0.263,-0.838,-1.26,-0.92,0.044,-0.391,-0.053,0.191,-2.05,-1.589,1.136,0.751,-1.289,0.842,0.363,0.437,0.018,0.5,1.229,0.245,0.222,0.51,1.431,0.583,1.661,3.093,0.907,0.392,1.188,1.011,1.343,-0.309,0.84,0.286,-0.455
0.119,0.163,-0.118,-0.472,-0.707,-1.14,0.229,-1.482,0.468,-0.983,-0.44,0.135,0.056,-0.472,1.704,0.609,0.213,-1.044,0.194,0.522,0.829,-0.078,-0.25,-0.649,0.11,1.084,-0.431,-1.169,-0.8,-0.784,-0.002,-1.029,-0.613,-1.169,-1.887,-0.113,0.299,-0.938,0.653,1.862
0.287,0.026,-1.799,-1.118,-1.588,0.168,0.12,-0.915,-1.179,-1.679,-0.428,-0.144,-1.4,-0.924,-0.071,-0.348,0.076,-0.288,-0.449,-0.374,-0.272,0.027,0.042,0.077,0.649,0.532,-0.561,-0.409,-0.289,0.215,0.086,-0.886,-0.404,-0.397,-0.687,0.028,0.249,-0.34,0.264,0.359
0.229,0.682,1.196,0.617,-0.414,-1.781,-0.168,0.018,0.245,-1.25,-0.195,-0.147,0.781,-0.582,0.927,-0.171,0.012,-0.004,0.04,-0.008,-0.296,-0.411,-1.631,-0.543,-1.487,0.555,-0.423,1.468,-0.106,-0.005,0.338,-0.442,-0.523,-0.193,0.753,-0.61,0.641,-0.098,-0.16,-0.809
-0.195,0.017,-0.046,0.241,-1.555,-2.402,0.194,-2.078,0.315,-1.05,-2.268,0.007,0.556,0.398,0.686,-0.616,-0.315,-1.63,-0.514,-0.286,0.142,-0.573,0.754,0.283,0.353,-0.79,0.119,1.278,-0.03,0.42,1.195,1.366,-0.568,0.231,1.21,1.188,0.309,0.79,-0.471,-0.393
0.311,-0.485,-0.342,-1.247,-0.484,1.805,1.088,-0.505,-1.643,0.773,0.609,0.573,0.184,-0.854,-1.225,0.501,0.1,-0.851,-0.352,-0.354,0.077,-0.24,-0.161,-0.074,-0.508,1.116,-0.651,-1.973,0.244,-0.273,-0.112,0.182,2.244,0.141,0.61,0.164,-0.363,-1.531,0.337,-0.611
-0.27,-1.988,0.137,1.147,-0.737,-1.328,0.75,1.406,0.17,0.476,-0.594,0.812,0.191,-0.486,0.309,0.159,0.011,0.828,-1.147,-2.396,-0.194,-0.765,1.53,-0.568,-0.609,-0.157,0.018,-1.312,-0.986,-0.1,-1.148,0.312,0.532,-0.867,-0.886,-0.406,-0.84,-0.981,0.053,-0.171
0.511,-0.934,0.848,0.795,-0.333,1.802,-0.2,0.252,0.133,-0.393,-0.2,0.387,-0.65,0.635,0.509,1.268,-0.531,0.389,4.523,-0.042,-0.6,-0.025,0.284,0.261,-0.367,1.096,-2.483,-1.918,-0.424,-0.846,-0.347,-0.669,-0.182,-0.451,-0.281,0.295,1.896,-1.155,-1.994,-0.401
-0.186,0.118,0.262,1.086,-0.335,0.448,0.041,0.038,-0.225,0.525,0.025,0.239,-1.097,0.115,0.165,-0.182,-0.33,0.026,-0.141,-0.296,-0.656,0.651,-1.378,-0.963,-1.319,-1.08,-0.092,-0.839,-0.714,-1.307,-0.574,-0.449,-0.802,-0.186,-0.57,-0.551,-0.023,-0.43,-0.268,-0.862
0.803,0.929,2.188,1.784,-0.298,0.462,0.931,3.128,1.515,0.923,0.405,0.822,-0.165,1.539,2.837,0.537,-0.215,2.374,-0.203,-0.58,0.7,0.086,1.227,1.729,0.551,0.48,0.793,2.019,0.815,0.949,0.301,0.664,0.128,1.828,0.976,0.264,-0.072,1.469,-0.14,-0.317
-0.253,-1.226,-3.44,-3.397,-4.456,-0.921,-0.13,-2.925,-3.217,-2.523,-1.13,-1.898,-0.582,-2.485,-1.462,-1.76,-0.232,-2.44,-0.61,-2.351,0.02,-0.194,1.167,1.871,3.133,0.23,-0.303,-0.414,-0.66,-0.048,-0.698,0.164,0.25,0.873,-0.944,0.833,-0.092,-0.385,0.924,3.313
-0.234,-0.133,-0.869,-0.956,-1.031,-0.534,-0.728,-0.669,-1.01,-0.4,-0.193,-0.849,-0.189,-0.976,-0.821,-0.167,-0.091,-0.006,-1.512,0.086,0.123,0.103,-1.352,0.039,-2.236,-0.969,-0.115,-0.962,0.218,-1.346,-0.881,-0.181,-0.217,0.36,0.195,-0.177,-0.135,-0.356,-1.52,-1.318
0.272,0.0,-3.364,-2.861,-0.942,-1.395,-1.007,-3.602,-1.061,-5.728,-1.218,-2.333,-0.561,-2.289,-0.609,-2.68,0.16,-2.221,-0.061,-0.102,0.024,-0.6,-3.731,-2.322,-0.233,-0.09,0.155,1.212,0.11,-2.204,-1.294,0.4,-0.09,-0.008,-0.09,0.653,-0.073,1.384,-0.433,-0.273
-0.05,-0.11,1.698,0.976,0.583,1.271,0.152,0.972,0.115,1.524,0.804,2.298,0.059,0.18,-0.21,0.773,0.323,0.772,2.235,1.095,-0.269,2.172,0.406,-0.214,-0.275,0.444,0.427,1.134,0.751,0.339,0.364,1.566,1.306,-0.204,-0.302,0.165,-0.056,1.081,-1.237,0.143
-0.555,-0.269,-1.896,0.2,-0.601,-1.498,0.192,-1.553,0.275,-2.373,-2.198,-1.815,-0.115,0.676,0.988,-0.989,0.053,-1.267,-0.111,-0.17,-0.107,0.137,-1.962,-0.051,-0.586,-2.218,-0.322,-2.435,-0.342,-2.755,-0.698,-1.346,-0.211,0.301,0.876,-0.699,-0.284,-1.44,-0.039,-0.1
0.326,-0.816,-2.239,0.319,1.919,-0.086,-0.067,0.049,1.034,-0.996,-0.121,0.733,1.926,-0.16,1.338,0.154,-1.0,-0.732,1.272,1.587,-2.165,0.738,0.277,-0.228,-0.991,-1.862,-0.437,-1.609,1.56,-1.756,-0.367,0.944,-0.722,-0.413,0.772,-0.042,0.31,-0.356,-0.299,-0.105
0.557,-0.222,-1.059,0.695,0.292,0.164,-0.139,-0.715,0.897,0.129,-0.229,1.738,0.04,0.352,0.345,0.979,0.457,-0.895,0.481,0.056,0.271,0.284,-0.0,0.177,-0.751,0.338,-0.339,-1.464,-0.486,-0.254,-0.539,0.435,-0.342,-0.322,-0.67,0.259,0.1,-1.01,1.151,-0.018
-0.219,-2.8,-1.285,-0.306,0.214,0.104,-0.202,-0.24,-0.847,0.533,0.882,-1.386,-0.325,-0.333,-0.311,-0.467,-0.133,-0.416,0.087,-0.195,-0.441,-5.759,0.131,-1.05,-0.291,-1.351,-0.201,1.675,-0.463,0.93,1.627,-0.421,-0.843,-0.214,-0.245,-0.7,0.319,1.32,-0.083,-0.703
-0.204,-0.243,-0.411,-0.382,-1.05,1.336,-0.983,-0.988,-0.145,-0.566,-0.206,-1.132,-0.968,-0.189,-0.103,-0.172,-0.311,-0.349,-0.314,-0.42,-0.882,0.754,-1.327,-0.019,-1.564,-3.369,1.184,-0.589,-0.459,-0.883,-0.396,-1.286,-0.146,-0.251,-0.543,-0.293,0.187,0.143,-0.075,-0.646
0.199,-0.007,0.2,0.871,0.243,0.459,-1.084,2.357,1.165,0.923,0.309,1.317,2.923,0.96,1.185,0.71,0.183,1.97,-0.3,-0.74,0.113,0.375,-0.138,-0.03,-0.536,-0.434,-1.626,-4.131,-0.11,-1.734,-0.791,-0.074,-0.751,-0.26,0.024,-0.523,0.045,-3.268,-0.411,-0.972
-0.193,-0.033,-0.94,-1.322,-0.445,-0.484,-0.18,-0.564,-0.016,0.103,-0.579,0.83,-0.361,0.266,0.099,-0.024,0.092,0.126,-0.064,-0.396,0.129,-0.075,-1.122,-0.958,-0.782,1.189,-0.385,-0.599,-1.1,-0.883,0.146,-0.363,-0.148,-1.382,-0.558,-0.4,-0.392,-0.589,-0.523,-0.091
0.472,-2.037,5.105,0.745,2.053,0.586,-0.538,1.726,-0.616,1.803,1.275,1.139,0.027,-0.043,-1.224,1.059,-0.276,1.158,0.531,0.683,-0.382,-2.331,-3.167,-0.093,1.444,0.259,-0.519,-1.12,0.908,-0.25,-0.322,-0.351,0.184,0.132,-0.4,-0.011,-0.389,-1.445,0.222,0.036
0.046,-0.198,-0.862,-0.183,-0.375,-2.516,-0.691,-1.281,-0.277,-0.253,-0.404,-0.771,-1.176,-0.23,-0.436,-0.691,0.156,-1.881,-0.049,-0.693,-1.379,-0.701,0.7,0.486,-0.68,-2.993,-0.454,0.507,-0.116,-1.239,-0.035,-0.035,-1.313,0.126,-0.573,0.375,-0.203,1.489,-0.319,-0.743
-0.281,-0.068,-1.013,-0.77,-0.248,-1.299,-0.304,0.218,0.18,-0.24,-0.586,0.478,1.247,0.08,0.438,-0.22,-0.106,-0.462,-2.359,0.025,-0.103,-0.117,-0.709,-0.253,-1.124,-1.271,-0.073,-0.321,-0.686,-0.781,-0.891,-0.862,-0.574,-0.529,-1.015,-0.531,-0.212,-0.026,-0.841,-0.341
0.229,0.134,3.891,-0.543,0.081,0.988,0.524,0.695,-1.157,2.209,0.875,1.053,-0.034,-0.456,-0.573,0.136,0.298,0.525,0.158,0.206,0.099,-0.319,-0.317,-0.485,-0.602,-1.144,-0.65,-1.781,-1.09,-2.567,-0.628,-0.807,-0.189,-0.503,-0.83,0.041,-0.985,-0.794,0.096,-0.172
0.353,0.0,0.183,0.817,-0.293,0.214,-0.379,-0.591,0.193,-0.493,-0.622,-0.2,-1.313,0.549,0.016,-0.433,-0.447,-0.439,-0.442,-0.199,-0.265,-0.001,-0.354,-0.019,-1.651,-0.998,0.165,-0.22,-0.145,-0.565,-0.139,-0.54,-0.673,-0.029,-0.01,-0.895,-0.889,0.03,-0.74,-2.804
-0.42,-0.37,-0.549,0.508,-0.878,-0.501,1.39,-0.407,0.562,-1.517,-0.799,-0.644,-0.519,0.266,0.907,-0.454,0.549,-0.076,-0.524,-0.96,-0.357,0.087,-0.154,-0.214,-2.237,0.212,0.784,-0.881,-0.382,-0.55,0.653,0.962,-1.201,-0.656,-0.336,0.455,-0.222,-1.344,-0.469,0.163
0.049,0.276,-0.347,0.405,0.242,-0.405,0.594,0.124,0.157,-0.509,-0.251,-1.017,-0.844,-0.009,-0.234,-0.522,0.28,0.344,1.093,1.485,0.057,-0.039,-2.433,-1.068,-1.982,-0.566,-0.806,-2.48,-1.934,-1.778,-0.912,-3.025,-0.589,-1.007,-1.334,-1.467,0.837,-1.451,-1.838,-1.861
0.369,-0.39,-1.91,-1.613,-0.8,-0.526,-0.615,-2.684,-0.622,-2.558,-0.88,-1.236,-0.416,-1.445,-1.291,-0.356,-0.355,-2.061,-0.459,-0.267,-0.11,0.026,-0.777,-0.464,-0.054,-0.046,-0.037,-0.157,-0.183,-1.044,-0.612,0.408,-0.286,-0.016,-0.965,0.51,-0.053,0.215,0.262,0.024
-0.014,-0.263,0.054,-0.133,-0.812,-0.566,-0.473,-2.718,-0.508,-1.186,-0.798,-0.187,-3.694,-0.337,-0.813,-0.819,-0.875,-2.875,-0.348,-0.345,0.056,0.208,-0.402,-0.41,-0.116,-0.109,-0.106,0.026,0.524,0.083,-0.039,-0.681,-2.861,0.106,2.481,-0.696,-0.133,0.074,-0.373,-0.218
0.292,-0.393,-0.589,-1.645,1.037,0.439,-0.073,-1.249,-0.217,0.448,-0.354,0.038,0.066,-0.878,1.523,-0.873,-0.908,-0.08,0.695,0.914,1.054,-0.058,-0.958,0.069,-1.923,1.558,0.172,-0.578,0.005,-0.192,-0.399,-0.212,-0.03,-0.11,-0.564,0.343,0.491,-0.367,-0.74,-1.625
0.157,-0.034,0.027,0.033,-0.08,-0.411,-0.076,-0.201,0.033,-0.283,-0.08,-0.216,-2.164,0.111,0.011,-0.054,-0.357,-0.3,-0.014,-0.1,-0.873,-0.139,0.168,-0.211,0.061,-0.429,-0.14,0.111,-0.07,0.044,0.059,0.172,-1.178,-0.338,-0.122,-0.413,0.308,0.239,0.028,0.069
-0.387,-0.857,-0.43,-0.417,-0.225,-0.929,-0.331,-1.849,-1.413,-0.698,-0.443,-0.663,-0.083,-0.601,-1.989,-0.286,0.171,-1.292,-0.062,-0.081,-0.054,-1.692,0.29,0.132,-0.167,-1.288,0.086,-1.003,-1.658,-0.427,-0.324,-0.244,-0.025,0.023,-0.806,-0.231,-0.165,-0.598,-0.052,-0.088
-0.074,-0.199,0.679,0.319,0.0,0.036,-0.092,0.141,-1.627,0.277,0.248,0.141,0.158,-0.02,-1.092,0.241,-0.286,-0.366,-0.002,0.016,-0.109,-0.88,-0.667,-2.172,-0.667,-0.167,-1.234,-4.922,-2.005,-1.646,-0.672,-0.984,-0.005,-1.818,-5.547,0.104,-0.5,-5.563,-0.005,-0.109
-0.181,-0.064,-0.804,-1.298,-0.873,-0.5,0.013,-1.246,-1.684,-1.398,-0.771,-1.561,-0.101,0.126,-1.147,-0.531,-0.103,-1.162,-0.138,-0.131,0.208,-0.089,-0.9,-0.855,-1.559,0.191,-0.174,-0.687,0.221,-0.87,-0.816,-1.635,-0.137,-0.582,0.05,-0.588,0.16,-0.174,-0.438,-0.674
0.4,0.037,-0.276,-0.164,-0.275,0.325,-0.233,1.235,-0.15,1.16,0.605,0.682,-0.094,0.111,-0.069,-0.697,-0.355,1.499,-0.263,-0.965,-0.688,-0.378,-0.362,-0.736,-0.355,-1.218,0.708,-0.834,-0.533,-0.869,-0.241,-0.31,-0.04,-0.404,-0.353,0.157,0.055,-0.68,-0.136,0.257
-0.655,0.019,1.107,1.251,0.04,-0.299,-2.017,0.526,0.409,0.11,0.528,-1.545,0.003,0.223,-0.179,-0.395,0.129,0.025,-0.164,-0.548,0.182,-0.325,-2.961,-0.841,-0.974,-1.07,-1.046,-2.194,-0.903,-2.163,-1.09,-1.551,-0.18,-0.205,-0.48,-0.945,-0.101,-1.287,-1.059,0.311
0.08,-1.974,-0.104,0.18,-0.334,1.119,0.603,0.458,0.116,1.121,0.223,1.734,1.453,0.25,-0.106,0.008,-1.053,0.008,0.31,-0.18,-0.064,-1.209,0.122,-0.285,-1.797,0.272,0.402,-0.712,-1.73,-0.546,-0.301,1.178,-2.059,-0.203,-0.604,0.128,0.708,-0.614,-0.321,-0.766
-0.015,-0.127,0.692,0.942,-0.973,-0.077,-0.551,-0.043,0.231,0.211,-0.826,0.231,-0.013,0.007,0.019,-0.066,0.178,-0.717,-0.402,-1.219,-0.027,-0.037,-3.25,-2.983,-4.609,-0.25,-0.277,-2.021,-1.167,-0.99,1.437,-1.583,-0.611,-3.164,-0.708,-0.429,-0.859,-2.066,-0.037,-1.343
-0.002,0.03,-0.569,-0.884,-0.884,-0.399,-0.264,-1.216,-0.575,-0.915,-0.35,-0.776,-0.225,-0.766,-0.253,-0.603,-0.117,-0.622,-0.193,-0.69,-0.334,0.05,-1.036,-0.386,-0.886,0.196,0.099,0.451,-0.577,-0.028,-0.088,-1.607,-0.21,0.336,-0.205,-0.793,-0.205,0.154,-0.282,-0.694
-0.089,-0.044,-0.326,0.063,-0.483,-1.448,-0.037,-0.097,-0.292,-0.156,-0.051,-0.016,-0.309,-0.03,-1.396,-0.177,0.052,-0.086,-0.038,-0.177,0.016,-0.114,-0.055,-0.112,-0.46,-6.117,-0.256,-0.253,-0.894,-0.636,-0.417,-0.37,-0.344,-0.291,-3.207,0.011,-0.169,-0.101,-0.054,-0.368
0.338,1.629,-0.922,-1.93,0.166,-0.241,0.405,0.373,-0.858,0.222,-0.116,0.38,1.316,-0.712,-1.475,0.362,0.33,-0.515,0.02,1.107,-0.333,-0.088,-0.202,0.065,0.593,0.364,-0.745,0.416,-0.751,0.34,0.438,-0.288,0.165,-0.354,-1.079,0.323,0.276,0.864,0.167,0.208
-0.205,0.212,-0.501,-1.165,-1.0,0.864,-0.088,-1.248,-0.86,-0.277,-0.256,-0.515,-0.513,-2.211,-0.749,-0.774,1.12,-1.076,-1.917,0.083,-0.111,0.057,-0.472,-0.045,-0.636,-1.297,0.123,-0.653,0.025,-0.696,-0.642,-0.683,-0.372,0.477,-0.151,-0.212,-0.711,-0.195,-1.364,-0.091
-1.292,0.122,1.069,0.718,-0.413,-3.548,-0.08,-0.646,0.191,-0.844,-0.691,0.114,0.82,0.164,0.116,-0.71,0.064,-0.262,0.001,-0.241,0.532,0.083,0.431,0.331,-2.082,-2.203,-0.497,-2.069,0.111,-2.483,-0.549,-0.478,-0.785,-0.057,0.087,-0.335,-0.165,-1.616,-0.662,-0.885
-0.716,-0.694,-0.498,-0.441,0.0,4.777,-0.289,-0.035,-0.531,0.25,0.231,-1.014,-0.226,-0.157,1.288,-1.545,-0.223,-0.597,-1.701,-0.017,-0.015,-1.599,-0.507,-0.539,-0.083,-0.328,-0.459,-1.956,-0.554,-1.293,-0.333,-1.173,-0.168,-0.258,-1.125,-0.811,-0.59,-1.662,-1.948,0.141
-1.21,-0.569,-3.357,-2.773,-1.29,-1.518,-0.364,-0.849,-0.669,-1.222,-0.576,-0.642,-0.071,-1.278,-1.169,-0.131,0.091,-0.434,0.114,-0.622,1.637,0.382,1.107,-1.476,1.244,-0.456,-0.2,1.182,-0.439,1.544,0.49,0.662,0.178,-0.163,0.878,0.344,0.1,0.378,-0.05,0.157
-0.763,-2.521,0.236,-0.501,0.855,0.993,0.283,0.348,0.285,-0.121,-0.497,1.252,-0.376,-0.157,0.29,-0.041,-0.615,-0.289,0.09,0.809,0.737,2.728,-1.195,-0.361,-1.217,2.16,3.285,-0.23,-0.057,-0.453,-0.165,-0.344,-1.847,-0.024,-0.005,-0.053,0.15,-0.421,-0.29,0.594
0.15,-0.282,-0.529,-0.914,-0.491,-1.56,-0.135,-0.995,-0.777,-0.81,-0.272,-0.123,0.035,-0.546,-0.728,0.099,-0.395,-0.676,-0.16,-0.286,0.458,-0.895,-2.39,-0.336,-0.639,-1.242,0.248,-0.51,-1.341,0.13,0.558,-1.315,-0.271,-0.951,-1.184,-0.054,-0.359,-0.915,-1.614,-0.473
-0.143,0.443,-1.638,-0.707,-0.516,-0.626,0.17,-2.527,-0.749,-1.402,-0.936,-0.758,-0.149,0.011,0.834,-0.307,0.203,-1.232,-1.402,-0.063,-0.293,-0.123,-0.263,0.425,-0.367,-1.143,-1.365,-0.811,-0.675,-0.758,-0.447,-0.223,-0.09,-0.56,-1.087,0.281,-0.241,-0.708,-0.937,-1.338
0.076,-0.002,-0.708,0.996,-0.015,-0.048,0.182,0.797,0.941,0.127,-1.034,-0.163,0.86,0.326,0.273,-0.194,0.07,0.765,-0.289,-0.381,-0.44,-0.016,-1.101,-0.468,-0.908,-0.783,-0.549,-0.615,-0.329,-0.733,0.437,-1.002,0.075,-0.294,-0.408,-0.683,-0.179,-0.9,-0.738,-0.83
0.235,-0.622,-0.235,0.146,-0.148,0.033,-0.173,0.839,0.037,0.656,0.189,-1.264,2.393,0.22,0.105,-0.705,-0.333,0.362,0.089,-0.413,0.064,0.312,0.242,0.033,-0.374,0.199,0.433,0.269,-0.63,0.408,0.312,0.451,2.069,-0.089,-0.372,0.237,-0.723,0.638,-0.155,0.066
-0.01,0.11,0.333,0.513,-0.422,-0.489,0.19,0.153,-0.927,-0.01,0.205,-0.197,-0.08,0.071,-0.89,-0.48,-0.108,-0.249,-0.184,-0.256,1.0,0.333,-0.06,-0.652,0.083,0.097,0.042,-0.438,0.258,-0.333,0.152,0.42,-0.016,-0.271,-0.333,0.083,0.063,-0.396,0.302,0.052
0.383,0.41,0.64,1.732,0.567,-0.27,-0.265,0.107,0.867,-0.611,-0.174,-1.954,-0.068,0.659,0.14,-0.377,0.552,0.867,-1.003,0.52,0.195,0.507,-1.342,-0.78,-1.669,-0.072,0.189,-0.963,-0.549,-0.264,0.037,-0.058,-0.484,-0.239,-0.278,0.393,0.436,-0.991,-0.541,-0.583
-0.003,0.163,-0.799,-3.293,-0.173,0.0,-1.109,-2.102,-1.578,-0.102,0.51,-1.333,-0.98,-7.67,-1.895,0.116,0.667,-1.109,-0.228,0.058,-0.294,0.563,1.167,3.441,-0.473,-0.8,0.967,-0.388,1.241,-0.588,-0.661,1.4,-3.151,5.706,1.453,-0.065,-0.4,0.053,0.253,-0.204
0.069,0.214,0.482,1.125,0.618,0.882,0.04,1.568,0.249,1.25,0.35,1.168,-0.889,0.981,-0.462,0.266,-0.383,0.709,-0.21,-0.081,-0.157,0.259,0.496,0.36,0.015,0.396,-0.983,1.031,0.951,0.671,0.496,-0.094,0.306,-0.011,-0.026,0.121,0.879,1.084,0.098,-0.548
0.395,-0.124,-0.687,0.001,-0.593,-0.381,0.171,-0.582,0.167,0.174,0.173,0.075,0.211,-0.298,0.57,0.228,0.078,-0.95,-0.173,-0.281,-0.159,-0.115,-0.429,0.161,0.094,0.495,0.456,-0.371,0.821,-0.265,-0.524,0.051,-0.367,0.449,0.009,-0.273,-0.063,-0.391,-0.182,-0.313
0.283,0.044,0.975,-0.379,0.947,-0.001,0.119,0.785,-0.062,-0.986,-0.109,0.568,-0.028,-0.271,1.66,-0.208,-0.094,0.401,0.089,-0.048,-0.696,-0.173,-1.586,-1.911,-0.82,-0.89,-0.926,-3.041,-3.455,-3.585,-1.61,-2.109,-1.156,-0.868,-2.441,-0.715,-0.392,-2.542,0.808,0.297
0.063,-0.982,-0.024,-0.926,0.473,1.953,-0.271,0.177,-0.584,1.598,1.312,-0.167,2.944,-0.427,-0.98,-0.791,-1.415,-0.173,-0.223,-0.792,0.162,0.656,-0.09,0.498,-0.03,1.167,0.096,0.746,0.721,0.575,0.726,0.792,-1.611,0.31,0.465,1.415,1.256,0.83,0.128,-0.189
-0.287,-0.09,-0.192,0.338,0.038,-0.905,0.155,1.555,1.824,0.293,0.243,-1.127,0.328,-0.054,0.755,-0.423,-0.149,0.529,-0.065,-0.423,-0.377,0.09,-0.55,-0.55,-0.576,-0.242,0.236,0.38,-0.5,-0.175,-0.448,-1.215,-0.455,-0.777,-0.893,-0.49,0.153,-0.238,-0.264,-0.687
-0.222,-0.036,-0.28,-0.468,-0.252,-0.72,-0.278,-0.864,-0.369,-0.765,-0.241,-1.191,-0.077,-0.325,-0.386,-0.398,-0.255,-0.437,-0.058,-0.138,0.119,-0.116,-0.951,-0.672,-0.639,-1.02,-0.117,-0.398,-0.226,-0.792,-0.696,-0.207,-0.025,-0.126,-0.318,-0.014,0.136,-0.528,-0.218,-0.177
-0.186,1.268,-0.613,1.087,0.808,-0.444,-0.134,1.761,1.472,1.468,3.055,-0.312,0.043,0.534,-0.322,0.207,-0.583,1.029,-0.322,0.116,0.667,-0.812,-2.99,-2.273,-0.548,-1.414,-1.936,-1.92,-1.978,-1.625,-1.007,-2.787,0.032,-1.244,-3.19,-0.382,0.01,-0.982,-0.428,-0.478
0.507,-0.001,0.314,0.141,-3.349,0.381,0.86,0.5,-0.839,-0.04,0.138,1.042,-3.407,-0.14,-0.321,0.414,-0.117,1.442,-0.539,-1.2,-1.298,-0.557,0.011,0.92,-0.543,0.19,0.084,-0.778,-0.288,-0.068,-0.128,-1.644,0.155,0.75,0.498,-0.1,-0.219,-0.785,-0.632,-0.333
0.018,-0.114,1.325,1.345,0.533,-0.252,0.202,1.98,2.0,1.481,0.321,0.617,0.403,1.026,1.083,0.443,-0.169,0.875,0.407,0.734,0.374,0.151,-1.048,-0.387,-1.772,-0.726,-1.108,-0.299,-0.308,-0.654,-0.091,0.046,-0.199,-0.502,0.117,-0.045,-0.236,-0.21,-0.692,-2.124
-0.437,-0.078,-2.523,-0.92,-0.383,-0.756,-0.079,-0.721,0.149,-1.004,-0.888,-0.622,-0.276,0.323,-0.939,-0.285,0.17,-0.534,-1.18,-0.187,-0.153,-0.15,-0.928,-0.797,-1.324,0.022,-0.023,-0.078,-1.002,-0.141,0.05,-0.146,-0.746,-0.433,-2.572,-0.072,-0.268,-0.552,-0.501,-0.185
-0.415,-0.53,-0.07,-0.654,-0.639,-3.412,-0.11,-1.887,-0.75,-1.979,-1.054,1.074,-0.658,-1.201,-0.354,0.383,0.309,-0.882,0.073,-0.177,-0.514,-0.39,0.181,0.069,0.09,-2.5,0.12,0.802,-0.062,0.593,-0.687,-0.25,-0.753,-0.177,-0.272,-0.083,-0.907,0.375,-0.247,0.066
0.146,-0.022,0.389,-0.09,0.104,0.343,-0.245,0.803,0.052,0.174,0.157,0.203,0.774,-0.023,-0.194,0.396,-0.076,0.825,-0.016,0.096,-1.275,0.115,0.201,0.12,0.437,-0.221,-0.317,0.879,0.001,1.217,0.821,-0.357,0.887,0.071,0.034,-0.859,-0.096,0.023,-0.112,0.143
1.187,-0.19,0.035,0.542,0.0,0.127,0.271,-0.017,0.344,-0.127,-0.033,0.024,-1.103,0.757,0.584,0.103,-0.01,0.149,5.322,0.358,2.059,0.156,-0.967,-0.507,-0.4,-0.013,0.11,0.311,-0.346,-0.665,-0.135,-0.351,-1.207,-0.288,0.001,-0.209,-0.351,0.693,-0.596,-0.032
0.919,0.16,-0.363,-0.444,-0.212,0.318,1.786,-1.028,-0.722,-0.361,-0.216,-1.298,0.09,-0.555,-1.259,0.271,0.424,-0.673,0.02,1.604,-0.383,-0.135,-0.454,0.0,-0.631,-2.145,-1.157,-1.647,0.235,-1.012,-0.395,-0.928,0.004,-0.052,0.331,-0.032,0.267,-1.891,-0.209,-1.273
-0.25,-1.143,0.223,0.946,-0.326,0.594,-0.066,1.354,1.501,0.489,0.466,0.353,1.623,1.182,1.021,0.53,1.137,0.989,-0.397,-0.941,-0.377,0.357,-1.304,-1.222,0.331,0.102,-0.097,0.499,0.297,0.678,-0.012,-0.576,-0.617,-0.584,0.522,-0.097,-0.972,0.503,0.554,0.131
-0.709,-0.581,-0.93,-1.413,0.225,0.217,-0.267,-1.738,-1.182,-0.684,-0.259,-0.171,-0.123,-0.618,-1.188,-0.636,-0.363,-1.157,0.191,0.163,0.07,-0.093,-0.151,-1.095,-0.556,-1.433,-0.133,-0.768,-0.911,-0.856,-0.134,-0.472,-0.07,-0.551,-1.518,-0.77,0.038,-0.66,-0.015,-0.09
0.152,-0.222,-0.479,-1.578,-0.412,0.166,0.486,-0.861,-0.317,0.186,-0.462,0.706,-1.676,-0.654,0.538,0.582,-0.029,-0.891,-0.162,-0.167,-0.593,-0.222,-0.899,-1.28,-0.215,0.999,-0.395,0.836,-0.289,-0.114,0.037,0.32,-1.108,-0.6,-0.49,0.122,-0.006,0.498,-0.118,-0.285
-0.726,-0.09,2.383,1.771,-0.191,-0.179,-0.567,0.741,-1.22,0.789,0.623,0.918,-0.048,-0.135,-1.774,-0.359,-0.354,0.006,-0.568,-0.428,0.13,-0.083,1.42,2.228,-1.447,-1.199,-0.075,-1.631,0.222,-0.694,-0.121,0.516,1.813,0.193,-0.129,-0.068,0.425,-0.527,-0.337,-1.805
-0.191,-0.796,-1.455,-1.534,-0.329,-0.106,-0.546,-0.885,-0.806,-0.249,-0.421,-0.547,0.032,-1.231,-1.35,-0.431,-0.178,-0.671,0.001,-0.06,-0.171,0.125,-0.129,-1.236,-0.316,0.471,0.281,0.61,-0.898,-0.049,-0.034,-0.184,-0.167,-0.585,-0.442,0.149,0.25,0.393,-0.109,0.0
-0.652,0.821,-1.793,-0.269,1.151,-0.276,0.231,-2.023,0.546,-0.957,0.725,-1.343,1.373,0.047,0.895,-0.142,0.554,-0.512,1.03,1.496,0.041,-0.104,0.684,-0.363,-1.157,0.51,0.167,-1.543,0.073,-0.715,-0.519,-0.336,-0.938,-0.207,1.154,-1.146,-0.428,-0.658,0.72,-0.619
0.024,0.044,0.899,0.687,0.299,0.003,0.416,0.611,0.026,0.721,-0.155,1.597,0.367,0.603,0.778,-0.043,-0.194,0.322,-0.204,-0.114,-0.431,0.107,-0.23,-0.126,-0.419,-0.499,0.569,-0.294,-0.674,-0.76,-0.078,-1.31,0.695,0.215,0.234,-0.711,-0.341,-0.556,-0.037,-0.016
0.159,0.399,-1.273,-0.57,1.491,1.642,0.334,-2.349,-0.125,-0.355,-0.271,0.056,0.031,-0.398,-0.095,-0.111,0.892,-0.922,-0.293,0.923,0.208,-0.226,-1.711,-1.005,-1.686,-2.148,-0.473,-4.439,-0.299,-3.538,-1.841,-1.824,0.02,-0.363,0.066,-1.118,0.626,-2.93,-2.774,-0.529
-0.132,-0.268,-0.932,-1.168,-0.572,-1.14,-0.262,-1.188,-0.604,-1.068,-0.625,-1.021,-0.078,-0.782,0.018,-0.812,-0.303,-0.585,-0.259,-0.377,-0.011,0.087,0.098,0.367,0.403,0.573,-0.013,0.574,0.94,0.189,0.378,-0.059,0.078,-0.609,0.356,-0.13,-0.335,0.342,0.155,0.094
-0.25,-0.02,0.571,0.893,0.134,8.623,-0.08,2.098,0.444,2.373,1.176,-0.449,-0.002,0.641,-0.038,1.143,0.17,0.837,0.098,0.286,0.25,-0.422,-2.5,-3.0,-0.604,2.474,-1.771,-2.188,-1.547,-2.214,-0.589,-3.526,-0.172,-1.547,-2.422,-1.333,-0.354,-2.297,-0.354,0.0
0.174,0.082,1.684,-0.141,-0.87,-0.811,0.594,-0.162,-0.491,0.016,0.311,1.576,0.673,-0.271,-0.175,-0.435,-0.264,0.401,-0.249,-0.88,-0.278,-0.25,-1.29,-0.69,-0.458,-0.028,0.055,0.186,-0.137,-0.152,-0.043,-0.776,0.272,-0.88,-0.146,-0.556,0.138,0.18,-0.596,-0.749
0.115,-0.02,2.077,1.737,1.04,0.117,0.13,-0.241,1.134,0.835,0.278,0.55,-0.922,0.896,0.806,0.271,0.093,-0.018,-1.156,0.446,-0.294,0.766,-0.258,-0.115,-0.513,-0.17,-1.017,-0.28,-0.37,-1.766,-0.371,-0.497,-0.664,-0.333,0.262,-0.284,-0.11,-0.37,-0.095,-0.1
-0.751,-0.084,0.082,0.848,-0.069,-0.134,-0.063,0.646,1.924,1.62,-0.217,0.619,-0.134,1.367,2.144,-0.096,-0.239,0.06,-0.309,-0.487,0.956,0.112,-0.242,0.578,2.441,0.084,-0.165,0.201,0.741,-0.151,-0.775,-0.328,0.106,0.719,1.998,0.206,0.02,-0.684,0.246,0.201
-0.367,-0.033,0.282,-0.568,-1.312,0.231,0.424,-0.612,-1.695,-0.908,0.102,0.909,-1.346,-0.962,-1.511,-0.396,-0.872,-0.234,-0.445,-1.023,-0.258,-0.109,0.582,0.145,-0.354,-0.262,0.433,0.017,0.831,0.204,0.22,-0.529,1.208,0.289,0.261,-0.713,-0.847,0.783,-0.199,-0.552
0.284,-0.267,-0.76,-0.74,-0.318,4.091,-0.343,-0.548,-0.623,-0.502,-0.008,1.037,-0.466,-0.82,-0.622,0.359,0.323,-0.372,0.13,0.234,-0.239,-0.27,0.187,0.075,0.323,3.34,0.235,0.89,0.111,1.275,0.527,1.192,-0.201,0.25,-0.082,0.154,0.091,0.654,0.08,0.031
-1.406,0.012,-1.329,-0.505,-1.127,1.086,0.092,-1.298,-0.107,-1.215,-0.17,-2.176,-0.497,-0.111,-0.245,-1.162,-0.896,-0.602,-1.425,-1.351,0.649,-0.079,0.441,0.113,-1.637,-0.054,-0.459,-0.633,0.672,-0.731,-0.232,0.377,-0.761,-0.428,1.387,0.412,-0.156,-0.96,-0.508,-1.188
-0.537,-0.312,-1.562,-0.688,-0.816,-0.904,-0.712,-1.518,-0.41,-2.143,-0.839,-0.582,-0.526,-1.02,-0.062,-0.881,-0.382,-1.099,-0.418,-0.836,-0.065,0.132,-1.506,-0.212,0.298,-0.358,0.392,-0.294,-0.184,-0.123,0.357,-0.654,0.518,0.006,-0.654,-0.232,0.078,-0.2,0.268,0.474
0.024,-0.438,-0.327,-1.559,-0.177,-0.022,-0.32,0.323,-0.295,-0.072,-0.214,-0.268,0.686,-0.958,-0.379,-0.076,-0.123,0.213,-0.281,-0.817,-0.049,-0.901,-1.899,-3.766,-2.934,-0.703,0.087,-2.553,-1.318,-1.436,-0.925,-0.663,-0.852,-2.21,-1.473,-0.678,-0.169,-1.454,-0.818,-2.014
0.412,-0.244,0.461,-0.108,-0.223,1.829,-0.28,-0.51,-0.393,0.224,0.148,-0.129,0.118,-0.164,0.038,0.098,-0.324,-0.872,0.018,0.418,0.344,0.036,-0.101,-0.325,-1.799,0.099,-0.122,-0.651,0.094,-0.488,-0.314,-0.623,0.574,-0.513,-0.577,-0.263,-0.481,-0.249,-0.099,-0.407
-0.566,0.151,0.167,-0.002,-2.707,-1.569,0.369,-0.056,0.139,0.031,-0.015,0.306,-0.168,-0.361,0.361,0.185,0.054,0.222,-0.622,-1.557,-1.194,-0.354,-1.618,-1.134,-2.179,-0.509,-0.275,-0.701,-1.03,-0.924,-0.251,-1.106,-0.49,-1.312,-0.585,-2.283,-0.484,-0.284,-0.291,-1.014
0.097,-0.184,-1.328,-1.299,-0.998,-0.195,-0.927,-0.427,-0.649,-1.312,-0.438,-1.365,-0.408,-0.581,-0.34,-0.34,0.078,-0.083,-0.632,1.366,0.117,-0.007,-1.053,0.2,1.227,-0.366,-0.462,-0.849,0.278,-1.401,-0.337,-3.107,0.535,-0.009,0.143,-0.944,0.113,-0.257,-0.655,-0.066
0.325,-0.557,0.251,0.776,-0.027,0.33,-0.055,-1.277,0.311,-1.134,-0.712,-1.238,0.046,0.187,0.295,-0.155,-0.292,-1.002,-0.395,-0.302,-0.629,-0.532,-0.434,0.061,-2.05,-1.023,0.095,-1.535,-0.511,-1.853,-0.661,-0.866,-0.815,0.441,-0.026,-0.491,-0.682,-0.573,-0.781,-1.18
0.035,-0.146,-0.026,-0.23,-0.016,-0.083,-0.432,-0.711,0.166,-0.397,-0.158,0.062,-1.163,-0.245,0.187,0.156,0.228,-0.523,-0.068,-0.289,0.26,0.307,0.337,0.524,-0.071,0.296,0.339,0.913,0.135,0.552,0.2,0.273,0.138,-0.023,-0.458,0.94,-0.04,0.681,0.037,0.346
0.633,-0.186,-0.317,-0.319,-0.121,-0.38,-0.693,-1.237,-0.402,-1.192,-0.435,-1.093,0.083,-0.359,-1.0,0.206,0.043,-1.292,-0.01,0.098,2.144,0.375,-0.825,-0.234,0.063,-0.158,-3.187,-1.133,1.025,-1.567,-0.633,-1.713,0.115,0.183,2.778,-0.068,0.025,-0.557,-0.133,0.075
-0.1,-0.279,-0.701,-0.251,-0.014,-0.904,-0.485,-3.973,-0.135,-3.731,-1.35,-1.378,-0.686,-0.224,-0.16,-0.467,-0.512,-3.105,0.394,0.074,-0.587,-0.003,-0.43,-0.341,-0.495,0.042,-0.099,0.85,-0.375,0.624,0.034,-1.64,-2.831,-0.224,-0.34,-1.501,-0.847,0.493,-0.67,-0.4
0.628,0.183,-1.022,-0.0,1.061,-0.172,-0.055,0.886,-0.109,0.143,-0.042,-0.407,0.819,-0.14,-0.588,0.516,0.106,-0.248,0.191,0.39,0.683,0.528,0.241,0.02,-1.679,-0.457,0.1,-0.081,0.559,-0.057,0.099,0.815,0.981,0.041,0.158,0.586,0.175,0.041,-0.302,-0.546
0.19,0.157,-0.984,-0.972,-0.78,1.361,-0.771,-0.945,-0.762,-1.729,-0.496,-1.322,-0.209,-0.345,-0.68,0.503,-0.27,-0.64,-0.205,-0.245,-0.715,-0.603,-0.825,-0.424,-1.316,-2.538,-0.214,-1.851,-0.314,-2.936,-1.835,-1.099,-0.09,-0.4,-0.151,-0.567,0.082,-1.048,-0.277,-0.722
0.013,-2.083,-0.188,-0.417,-0.265,-0.644,-0.679,-3.329,-1.693,-1.596,-0.637,-2.067,-0.45,-0.625,-2.621,-0.037,0.025,-2.337,-0.479,0.646,0.009,1.071,-0.152,-0.964,-0.201,-0.152,-1.733,-1.001,-0.654,-0.795,-0.438,0.643,0.352,0.316,0.83,-0.33,-0.059,-0.705,-1.304,-0.152
1.938,0.457,-0.319,-0.808,-0.75,0.556,-0.265,-0.126,-1.765,-0.013,0.04,-1.918,-1.278,-0.686,-1.54,0.372,-0.361,0.14,0.056,-0.11,0.298,0.158,-0.737,0.104,-0.819,0.144,-0.319,-0.275,-0.781,-0.183,-0.052,-4.157,-0.396,-0.281,-1.165,0.008,-0.102,-0.381,-0.291,-0.129
0.231,-1.083,-1.265,0.16,0.058,-0.545,0.603,-0.901,-0.009,-0.533,-0.279,-0.772,0.676,0.019,0.33,0.526,0.168,-0.533,0.532,0.836,0.462,-0.161,-0.312,-0.343,-0.516,-0.125,-0.446,0.029,-0.293,-0.01,0.061,0.216,0.257,-0.168,-0.025,0.227,0.052,0.321,-0.112,-0.245
0.582,-0.034,-0.515,-2.386,-0.668,1.123,0.211,-0.187,-1.931,0.364,0.248,-0.75,0.096,-1.066,-0.64,0.75,0.569,-0.136,-1.556,-1.625,-0.067,-0.554,-0.464,0.626,-1.94,-2.956,-0.342,-0.792,-0.317,-1.056,-0.416,-2.571,-0.035,0.404,-0.448,-0.571,-1.508,-0.406,-0.222,-2.429
-1.552,-0.568,-0.688,0.288,0.256,-0.253,0.186,0.3,-0.299,0.714,0.614,-0.116,0.128,0.165,-0.863,-0.201,-0.221,-0.162,0.055,0.082,0.529,0.056,-1.434,-1.21,-0.241,0.015,0.134,-0.735,-0.199,-0.75,-0.946,-0.523,-0.043,-0.077,-1.028,-0.018,0.069,-0.861,-0.056,-0.16
0.387,-0.555,-0.927,-1.748,-0.148,-0.862,-1.287,-2.921,-0.342,-1.237,-0.328,-0.333,0.135,-0.782,-0.077,0.382,0.519,-2.521,0.16,0.123,0.255,0.408,4.564,0.469,0.292,0.007,0.115,0.956,-0.201,1.326,0.631,0.269,0.109,-0.037,-0.237,-0.145,0.346,0.832,0.013,0.213
0.314,1.189,-0.074,0.286,0.973,0.139,0.292,0.276,0.684,0.977,1.976,-0.106,0.005,0.138,0.117,0.181,0.445,-0.076,0.082,0.718,-0.085,-0.185,-1.007,-1.339,-1.387,-1.005,0.088,-1.638,-1.778,-0.839,-0.071,-1.482,-0.667,-0.852,-0.713,-0.708,-0.184,-1.49,-0.15,-1.711
-0.632,0.56,1.926,0.334,-0.52,-1.818,0.031,0.082,-0.294,0.442,1.332,0.392,-0.174,0.454,-0.35,-0.422,-0.236,1.343,-1.462,-0.268,2.221,0.75,-0.179,-0.579,-0.811,-0.82,-0.135,1.216,-0.678,0.957,1.218,0.246,-0.08,-2.095,-0.344,0.255,0.331,1.007,-0.939,-0.181
-0.228,0.164,0.888,-0.397,1.848,-1.542,0.781,-0.625,0.076,-0.344,-0.085,0.542,0.156,-0.68,0.303,0.17,0.275,0.69,0.294,0.558,-0.028,-0.119,-0.911,-0.378,-0.135,-0.797,0.197,-0.696,-0.54,-0.646,-0.696,-0.271,-0.023,-0.517,-1.385,-0.008,0.03,0.473,-1.114,-0.029
0.435,-0.074,-0.417,-0.526,-2.197,1.564,0.317,0.107,-1.22,-0.286,0.142,0.03,-0.354,-0.648,-1.012,-0.036,-0.061,0.343,1.554,-0.579,-1.071,-0.113,-2.037,-0.712,-3.068,-0.445,0.122,-0.412,-0.931,-0.17,-0.085,-1.387,0.431,0.002,0.048,-0.697,-0.394,-0.804,-2.84,-2.241
-0.324,-0.438,-12.181,-3.152,-2.002,-0.652,0.48,-1.714,-0.259,-3.181,-1.402,-1.109,-0.295,-0.342,-0.116,-0.145,-0.502,-2.0,-1.393,-2.571,0.224,0.229,5.661,2.146,0.724,0.313,-0.776,1.333,0.354,2.141,0.854,0.599,0.229,0.37,0.188,0.099,-0.651,1.167,-1.0,-1.5
0.053,-1.795,-0.942,-1.715,-1.01,-1.65,0.41,-1.34,-2.385,-0.873,-0.609,-0.292,-0.337,-0.756,-1.843,0.23,0.084,-1.668,-0.125,-0.316,0.423,-0.578,-0.706,-1.566,-0.293,1.021,-0.232,0.438,1.253,0.186,-0.157,-0.243,-0.041,-0.102,1.797,0.039,0.361,1.212,-0.03,-0.366
-0.103,-0.871,-0.076,-1.643,-0.668,1.2,-0.474,-2.631,-1.539,-0.561,0.133,-0.707,-0.431,-1.41,-1.966,0.527,0.141,-1.765,0.044,-0.009,-0.412,-0.096,-0.822,-0.074,0.017,-3.275,0.1,-0.123,0.562,-1.827,-1.018,-0.7,0.005,1.124,0.698,-0.585,-0.063,0.168,-0.081,-0.168
-0.34,0.229,0.38,-0.239,-0.175,-0.832,0.11,0.466,0.252,0.882,0.331,-0.116,1.735,-0.182,0.143,0.031,-0.682,0.184,-0.34,-0.047,-0.229,0.204,0.171,-0.305,-0.59,-2.726,-0.129,-0.234,-0.28,-0.636,-0.688,-0.563,-1.119,-0.245,-0.179,-0.531,-0.104,0.233,0.063,-0.522
-0.053,-3.356,-2.468,-0.753,-1.013,2.308,-1.19,-3.915,-1.004,-3.017,-0.717,-4.308,0.481,-0.16,-0.171,-0.958,0.082,-2.554,0.049,-0.287,-0.359,-0.736,-3.418,-1.043,-1.206,-0.25,0.355,0.184,0.296,0.201,-0.019,0.917,-0.542,-0.109,0.047,-0.111,-0.072,0.449,-0.864,-0.42
0.217,-0.076,1.387,-0.146,0.567,-0.509,0.287,1.535,0.307,0.922,0.46,1.816,-1.296,0.977,0.544,0.654,-0.768,0.292,0.295,0.382,-0.508,0.095,-0.534,0.445,-0.1,0.155,0.362,0.71,1.168,0.088,-0.054,1.499,0.111,0.419,-0.078,0.077,0.274,0.435,0.085,-0.281
2.304,0.518,-0.666,-0.873,0.87,3.059,0.301,-0.011,-0.427,1.502,0.616,-0.062,-0.376,-0.806,-1.473,-0.008,-1.626,0.853,0.252,-0.156,1.409,0.225,-1.29,-0.607,0.136,-2.7,-1.032,-3.146,0.46,-1.525,-0.737,-0.657,0.385,0.295,0.801,0.06,0.959,-1.786,-0.01,-0.333
0.75,0.077,-0.883,-1.68,-0.5,1.494,-0.015,0.34,-0.248,-0.493,-0.108,0.224,-0.169,-0.457,-0.192,1.154,-1.397,0.726,-0.335,0.058,0.258,-0.202,-0.381,-0.805,0.091,-0.81,-0.501,-2.034,-0.394,-1.67,-0.691,-0.456,0.059,-0.55,-0.258,-0.894,-0.698,-1.933,0.29,-0.041
-0.41,0.381,0.211,1.37,0.076,0.559,0.25,-0.158,0.033,-0.301,-0.114,-0.071,-0.364,0.371,0.051,-0.885,-1.005,-0.102,-0.34,-0.08,-0.034,-0.22,-0.236,-1.321,-0.271,0.184,-0.211,0.416,-0.066,0.114,0.094,0.622,0.359,-0.408,-0.042,0.528,1.234,0.467,-0.009,-0.275
-0.969,0.096,1.006,0.654,-0.732,-0.231,-0.718,1.283,1.167,0.818,-0.205,0.894,1.652,1.317,1.675,-0.11,0.384,0.317,-1.578,-1.34,0.54,0.171,0.612,0.324,2.768,0.619,1.073,-0.432,0.096,-0.837,-1.296,0.221,0.461,0.618,0.925,0.34,0.635,0.09,-0.785,2.076
-1.16,-0.384,1.974,-0.571,-0.124,-0.133,-0.203,-0.725,0.635,0.229,0.302,-0.188,-0.105,-0.647,-0.381,-0.647,0.013,-0.364,0.028,0.052,-1.423,-0.847,-5.056,-1.279,-0.431,-0.102,-0.222,-1.804,-1.483,-1.889,-0.806,-1.066,-0.118,-0.379,-0.627,-0.063,-0.076,-1.743,-0.097,-0.195
0.763,-0.106,-0.801,-0.148,0.317,-1.298,1.153,-1.039,-0.242,-0.641,-0.308,-0.582,-0.518,0.973,-0.282,-0.462,-0.021,-0.94,-0.168,-0.019,0.198,0.174,0.209,0.449,0.197,-0.08,1.745,1.028,-0.061,0.341,-0.004,-0.344,-0.373,0.864,-0.686,-0.125,-0.044,0.667,-0.091,0.078
1.181,0.387,1.061,1.382,1.272,0.236,2.326,0.882,0.676,1.0,0.183,1.293,0.273,0.75,0.108,0.517,-0.048,-0.282,-0.208,0.486,-1.104,-0.182,-0.149,-0.389,-0.482,-0.19,-3.623,-0.427,-0.075,-0.889,-0.552,0.029,-0.146,0.333,0.119,0.278,-0.475,-1.184,-0.296,-0.736
-0.068,-0.856,-0.052,0.389,-0.582,-0.874,0.141,-0.448,0.552,1.059,1.06,-0.545,0.519,0.978,0.781,0.269,-0.583,1.05,0.085,-0.319,0.122,-0.567,-1.396,-0.195,-1.618,-1.141,1.358,-2.86,0.18,-1.558,-1.086,-0.882,-0.046,0.832,0.575,0.148,-0.473,-2.063,-0.08,-0.688
-0.358,-0.163,-0.248,-0.368,-1.299,-0.085,-1.147,-0.405,-0.151,-0.082,0.257,0.0,-0.797,-0.02,-0.782,0.147,-0.448,0.239,-0.622,-1.457,-0.083,0.362,-0.466,-1.38,-1.974,-0.064,1.328,-0.528,-0.842,-0.477,0.264,-0.194,-0.558,-1.115,-1.744,0.789,0.796,0.156,-0.388,0.184
-2.176,-0.82,0.437,0.191,1.985,-1.481,-0.128,-0.889,0.293,-0.63,-0.294,0.293,0.577,0.123,0.253,-0.107,-0.009,-1.119,1.076,1.812,-0.438,0.251,-0.168,-1.031,-0.969,-1.698,0.243,-0.139,-0.307,0.394,0.188,-1.432,-0.343,-0.419,-0.222,-0.513,0.112,-0.337,-0.231,-0.92
0.381,0.061,0.633,0.487,0.379,0.504,-0.219,0.59,0.139,0.767,0.104,0.64,-0.492,0.167,-0.229,1.276,1.283,0.346,-0.453,0.069,0.051,-0.073,-0.196,-0.112,-0.441,-0.264,-0.378,0.054,-0.405,-0.019,0.347,-0.8,0.901,-0.238,-0.352,-0.9,-0.585,0.368,3.254,-0.536
-0.066,-1.44,-2.905,-2.694,-2.339,-0.845,-0.548,-2.595,-0.579,-2.069,-0.579,-0.883,-0.213,-0.814,-0.842,0.118,0.102,-1.595,-0.444,-1.917,-0.722,-0.525,-1.55,-1.782,-0.593,-0.215,-0.251,0.813,0.269,0.757,0.333,0.647,-0.395,-0.336,1.041,-0.917,-0.17,0.616,-0.382,-1.327
